Date Detected,Product Name,Old Price (EGP),New Price (EGP),Drop Amount (EGP),Product Link,Offer Status
"May 27, 2026 - 11:08 PM",Hot 60 Pro Dual Sim Sleek Black 8 8Gb Ram 256 Gb 4G Middle East Version,11350.0,11299.0,51.0,https://www.noon.com/egypt-en/hot-60-pro-dual-sim-sleek-black-8-8gb-ram-256-gb-4g-middle-east-version/N70204595V/p/?o=e28df2fd1e185a0f,🚨 NOON OFFER
"May 27, 2026 - 11:08 PM",Hot 60 Pro Dual Sim Coral Tides 8 8Gb Ram 256 Gb 4G Middle East Version,11350.0,11299.0,51.0,https://www.noon.com/egypt-en/hot-60-pro-dual-sim-coral-tides-8-8gb-ram-256-gb-4g-middle-east-version/N70204597V/p/?o=a5c613fc6422b79c,🚨 NOON OFFER
"May 27, 2026 - 11:08 PM",Galaxy A37 Dual Sim Awesome Charcoal 8Gb Ram 256Gb 5G Middle East Version,24240.0,23599.0,641.0,https://www.noon.com/egypt-en/galaxy-a37-dual-sim-awesome-charcoal-8gb-ram-256gb-5g-middle-east-version/N70320356V/p/?o=ab71161063209bdd,🚨 NOON OFFER
"May 27, 2026 - 11:08 PM",Galaxy S26 Ultra Dual Sim Cobalt Violet 12Gb Ram 256Gb 5G Middle East Version,79999.0,72999.0,7000.0,https://www.noon.com/egypt-en/galaxy-s26-ultra-dual-sim-cobalt-violet-12gb-ram-256gb-5g-middle-east-version/N70283856V/p/?o=a9fba49c573b9cee,🚨 NOON OFFER
"May 27, 2026 - 11:08 PM",X5C Plus 4G Dual Sim 4Gb Ram 128Gb Midnight Black Middle East Version,6799.0,6755.0,44.0,https://www.noon.com/egypt-en/x5c-plus-4g-dual-sim-4gb-ram-128gb-midnight-black-middle-east-version/N70221570V/p/?o=b3a5acf19bc1568c,🚨 NOON OFFER
"May 27, 2026 - 11:08 PM",Hot 60 Dual Sim Sleek Black 6 6Gb Ram 128Gb 5G Middle East Version,7799.0,7699.0,100.0,https://www.noon.com/egypt-en/hot-60-dual-sim-sleek-black-6-6gb-ram-128gb-5g-middle-east-version/N70204623V/p/?o=c3ce8f9ee62341cc,🚨 NOON OFFER
"May 27, 2026 - 11:08 PM",G85 Dual Sim Urban Grey 12Gb Ram 256Gb 5G Middle East Version,14444.0,12399.0,2045.0,https://www.noon.com/egypt-en/g85-dual-sim-urban-grey-12gb-ram-256gb-5g-middle-east-version/N70092658V/p/?o=b84792e0282e92be,🚨 NOON OFFER
"May 27, 2026 - 11:08 PM",Galaxy A56 5G Dual Sim Awesome Pink 8Gb Ram 128Gb Middle East Version,22222.0,20699.0,1523.0,https://www.noon.com/egypt-en/galaxy-a56-5g-dual-sim-awesome-pink-8gb-ram-128gb-middle-east-version/N70158923V/p/?o=baa78525a16d6aeb,🚨 NOON OFFER
"May 27, 2026 - 11:08 PM",Galaxy A56 5G Dual Sim Awesome Graphite 8Gb Ram 256Gb Middle East Version,25999.0,23999.0,2000.0,https://www.noon.com/egypt-en/galaxy-a56-5g-dual-sim-awesome-graphite-8gb-ram-256gb-middle-east-version/N70158930V/p/?o=fe5839832107d56d,🚨 NOON OFFER
"May 27, 2026 - 11:08 PM",Galaxy S25 Ultra Ai Dual Sim Titanium Black 12Gb Ram 256Gb 5G Middle East Version,67999.0,63999.0,4000.0,https://www.noon.com/egypt-en/galaxy-s25-ultra-ai-dual-sim-titanium-black-12gb-ram-256gb-5g-middle-east-version/N70140491V/p/?o=c4514979c482a13d,🚨 NOON OFFER
"May 27, 2026 - 11:08 PM",Edge 60 Fusion 5G Dual Sim Pantone Amazonite Blue 12Gb Ram 256Gb Middle East Version,19199.0,16899.0,2300.0,https://www.noon.com/egypt-en/edge-60-fusion-5g-dual-sim-pantone-amazonite-blue-12gb-ram-256gb-middle-east-version/N70164932V/p/?o=f9139cf92df7ce2c,🚨 NOON OFFER
"May 27, 2026 - 11:08 PM",Galaxy S26 Ultra Dual Sim Black 12Gb Ram 256Gb 5G Middle East Version,77999.0,72999.0,5000.0,https://www.noon.com/egypt-en/galaxy-s26-ultra-dual-sim-black-12gb-ram-256gb-5g-middle-east-version/N70283855V/p/?o=a4b186d62b58a43c,🚨 NOON OFFER
"May 27, 2026 - 11:08 PM",Galaxy A57 Dual Sim Awesome Icyblue 8Gb Ram 256Gb 5G Middle East Version,27490.0,25460.0,2030.0,https://www.noon.com/egypt-en/galaxy-a57-dual-sim-awesome-icyblue-8gb-ram-256gb-5g-middle-east-version/N70320367V/p/?o=f79f516ade8140cd,🚨 NOON OFFER
"May 27, 2026 - 11:08 PM",Motorola Edge 60 Dual Sim Gibraltar Sea Blue 12Gb Ram 512Gb 5G Middle East Version,18499.0,18399.0,100.0,https://www.noon.com/egypt-en/motorola-edge-60-dual-sim-gibraltar-sea-blue-12gb-ram-512gb-5g-middle-east-version/N70278633V/p/?o=ac689fcd60ea889e,🚨 NOON OFFER
"May 27, 2026 - 11:08 PM",Galaxy S26 Plus Dual Sim Black 12Gb Ram 256Gb 5G Middle East Version,58999.0,58499.0,500.0,https://www.noon.com/egypt-en/galaxy-s26-plus-dual-sim-black-12gb-ram-256gb-5g-middle-east-version/N70283847V/p/?o=c7ae779d2f58a50c,🚨 NOON OFFER
"May 27, 2026 - 11:08 PM",C75X Dual Sim Coral Pink 8Gb Ram 256Gb 4G Middle East Version,9999.0,9899.0,100.0,https://www.noon.com/egypt-en/c75x-dual-sim-coral-pink-8gb-ram-256gb-4g-middle-east-version/N70173704V/p/?o=c486d3076b24905e,🚨 NOON OFFER
"May 27, 2026 - 11:08 PM",Galaxy A57 Dual Sim Awesome Navy 12Gb Ram 256Gb 5G Middle East Version,30490.0,30199.0,291.0,https://www.noon.com/egypt-en/galaxy-a57-dual-sim-awesome-navy-12gb-ram-256gb-5g-middle-east-version/N70320362V/p/?o=b692fb0458cd59bd,🚨 NOON OFFER
"May 27, 2026 - 11:08 PM",Galaxy A56 5G Dual Sim Awesome Light Gray 8Gb Ram 128Gb Middle East Version,21999.0,20499.0,1500.0,https://www.noon.com/egypt-en/galaxy-a56-5g-dual-sim-awesome-light-gray-8gb-ram-128gb-middle-east-version/N70158924V/p/?o=a2f2e97ad58a323b,🚨 NOON OFFER
"May 27, 2026 - 11:08 PM",S25 Ultra Dual Sim Bromo Black 8 8Gb Ram 256Gb 4G With Buds 11 Gift Color May Vary,11499.0,9599.0,1900.0,https://www.noon.com/egypt-en/s25-ultra-dual-sim-bromo-black-8-8gb-ram-256gb-4g-with-buds-11-gift-color-may-vary/N70200709V/p/?o=e096ade545ecfd0b,🚨 NOON OFFER
"May 27, 2026 - 11:08 PM",Galaxy A56 5G Dual Sim Awesome Graphite 8Gb Ram 128Gb Middle East Version,21999.0,21184.0,815.0,https://www.noon.com/egypt-en/galaxy-a56-5g-dual-sim-awesome-graphite-8gb-ram-128gb-middle-east-version/N70158926V/p/?o=a410adc82f2014af,🚨 NOON OFFER
"May 27, 2026 - 11:08 PM",Galaxy S25 Ultra Ai Dual Sim Titanium Black 12Gb Ram 512Gb 5G Middle East Version,72200.0,70999.0,1201.0,https://www.noon.com/egypt-en/galaxy-s25-ultra-ai-dual-sim-titanium-black-12gb-ram-512gb-5g-middle-east-version/N70140495V/p/?o=c6692b09b603a17a,🚨 NOON OFFER
"May 27, 2026 - 11:08 PM",Galaxy A57 Dual Sim Awesome Navy 8Gb Ram 256Gb 5G Middle East Version,27490.0,25460.0,2030.0,https://www.noon.com/egypt-en/galaxy-a57-dual-sim-awesome-navy-8gb-ram-256gb-5g-middle-east-version/N70320366V/p/?o=fd49442b6234277e,🚨 NOON OFFER
"May 27, 2026 - 11:08 PM",Galaxy A07 Dual Sim Green 8Gb Ram 256Gb 4G Middle East Version,8465.0,8399.0,66.0,https://www.noon.com/egypt-en/galaxy-a07-dual-sim-green-8gb-ram-256gb-4g-middle-east-version/N70271268V/p/?o=dfa73104817ac35b,🚨 NOON OFFER
"May 27, 2026 - 11:08 PM",Galaxy S25 Ultra Ai Dual Sim Titanium Silverblue 12Gb Ram 256Gb 5G Middle East Version,65999.0,64999.0,1000.0,https://www.noon.com/egypt-en/galaxy-s25-ultra-ai-dual-sim-titanium-silverblue-12gb-ram-256gb-5g-middle-east-version/N70140493V/p/?o=e84513bb0f441a2c,🚨 NOON OFFER
"May 27, 2026 - 11:08 PM",Galaxy S26 Dual Sim Black 12Gb Ram 256Gb 5G Middle East Version,49499.0,49299.0,200.0,https://www.noon.com/egypt-en/galaxy-s26-dual-sim-black-12gb-ram-256gb-5g-middle-east-version/N70283839V/p/?o=a0f7f1810ef00f1e,🚨 NOON OFFER
"May 27, 2026 - 11:08 PM",Galaxy A57 Dual Sim Awesome Lilac 12Gb Ram 256Gb 5G Middle East Version,30490.0,29244.0,1246.0,https://www.noon.com/egypt-en/galaxy-a57-dual-sim-awesome-lilac-12gb-ram-256gb-5g-middle-east-version/N70320365V/p/?o=b1f290d1ae25312a,🚨 NOON OFFER
"May 27, 2026 - 11:08 PM",15T Dual Sim Flowing Silver 12Gb Ram 256Gb 5G Middle East Version With Free Gift Cup Speaker Mobile Holder,17777.0,16399.0,1378.0,https://www.noon.com/egypt-en/15t-dual-sim-flowing-silver-12gb-ram-256gb-5g-middle-east-version-with-free-gift-cup-speaker-mobile-holder/N70259031V/p/?o=fa8e8a47d587529c,🚨 NOON OFFER
"May 27, 2026 - 11:08 PM",Galaxy S25 Fe Ai Dual Sim 5G Icyblue 8Gb Ram 256Gb Middle East Version,37999.0,36590.0,1409.0,https://www.noon.com/egypt-en/galaxy-s25-fe-ai-dual-sim-5g-icyblue-8gb-ram-256gb-middle-east-version/N70214282V/p/?o=c1291fc0be00cccb,🚨 NOON OFFER
"May 27, 2026 - 11:08 PM",Galaxy A57 Dual Sim Awesome Icyblue 12Gb Ram 256Gb 5G Middle East Version,30490.0,30199.0,291.0,https://www.noon.com/egypt-en/galaxy-a57-dual-sim-awesome-icyblue-12gb-ram-256gb-5g-middle-east-version/N70320363V/p/?o=c39f6dd4652c7cec,🚨 NOON OFFER
"May 27, 2026 - 11:08 PM",Galaxy S25 Ultra Ai Dual Sim Titanium Grey 12Gb Ram 512Gb 5G Middle East Version,74499.0,70999.0,3500.0,https://www.noon.com/egypt-en/galaxy-s25-ultra-ai-dual-sim-titanium-grey-12gb-ram-512gb-5g-middle-east-version/N70140496V/p/?o=ac661cb6ef00ec1a,🚨 NOON OFFER
"May 27, 2026 - 11:08 PM",15T Dual Sim Suit Titanium 12Gb Ram 256Gb 5G Middle East Version With Free Gift Cup Speaker Mobile Holder,17777.0,16399.0,1378.0,https://www.noon.com/egypt-en/15t-dual-sim-suit-titanium-12gb-ram-256gb-5g-middle-east-version-with-free-gift-cup-speaker-mobile-holder/N70259029V/p/?o=f0c12a62c1790bcc,🚨 NOON OFFER
"May 27, 2026 - 11:08 PM",Edge 60 Fusion 5G Dual Sim Pantone Zephyr 12Gb Ram 256Gb Middle East Version,19199.0,16799.0,2400.0,https://www.noon.com/egypt-en/edge-60-fusion-5g-dual-sim-pantone-zephyr-12gb-ram-256gb-middle-east-version/N70164931V/p/?o=bb55d56a8ae144dc,🚨 NOON OFFER
"May 27, 2026 - 11:08 PM",Galaxy A56 5G Dual Sim Awesome Graphite 12Gb Ram 256Gb International Version,26666.0,24999.0,1667.0,https://www.noon.com/egypt-en/galaxy-a56-5g-dual-sim-awesome-graphite-12gb-ram-256gb-international-version/N70167827V/p/?o=f4564e8e21c6006a,🚨 NOON OFFER
"May 27, 2026 - 11:08 PM",Galaxy S25 Fe Ai Dual Sim 5G White 8Gb Ram 256Gb Middle East Version,37999.0,36590.0,1409.0,https://www.noon.com/egypt-en/galaxy-s25-fe-ai-dual-sim-5g-white-8gb-ram-256gb-middle-east-version/N70214289V/p/?o=c807406c2f776adb,🚨 NOON OFFER
"May 27, 2026 - 11:08 PM",Galaxy A57 Dual Sim Awesome Navy 12Gb Ram 512Gb 5G Middle East Version,36480.0,33790.0,2690.0,https://www.noon.com/egypt-en/galaxy-a57-dual-sim-awesome-navy-12gb-ram-512gb-5g-middle-east-version/N70320370V/p/?o=be8fda33067b9c3e,🚨 NOON OFFER
"May 27, 2026 - 11:08 PM",G56 Dual Sim 5G Pantone Dazzling Blue 12Gb Ram 256Gb Middle East Version,13999.0,11799.0,2200.0,https://www.noon.com/egypt-en/g56-dual-sim-5g-pantone-dazzling-blue-12gb-ram-256gb-middle-east-version/N70185404V/p/?o=a808547f103e047b,🚨 NOON OFFER
"May 27, 2026 - 11:08 PM",Hot 60I Dual Sim Shadow Blue 6 6Gb Ram 128Gb 4G Middle East Version,7355.0,7299.0,56.0,https://www.noon.com/egypt-en/hot-60i-dual-sim-shadow-blue-6-6gb-ram-128gb-4g-middle-east-version/N70204491V/p/?o=de6d9c66dffe7cbf,🚨 NOON OFFER
"May 27, 2026 - 11:08 PM",G85 Dual Sim Cobalt Blue 12Gb Ram 256Gb 5G Middle East Version,14444.0,12399.0,2045.0,https://www.noon.com/egypt-en/g85-dual-sim-cobalt-blue-12gb-ram-256gb-5g-middle-east-version/N70092656V/p/?o=e55f048683e45a7f,🚨 NOON OFFER
"May 27, 2026 - 11:08 PM",X8D Dual Sim 4G Velvet Black 8Gb Ram 512Gb Middle East Version,16060.0,15499.0,561.0,https://www.noon.com/egypt-en/x8d-dual-sim-4g-velvet-black-8gb-ram-512gb-middle-east-version/N70286277V/p/?o=f48629cb26c30f1a,🚨 NOON OFFER
"May 27, 2026 - 11:08 PM",G56 Dual Sim 5G Pantone Dill Green 12Gb Ram 256Gb Middle East Version,13999.0,11599.0,2400.0,https://www.noon.com/egypt-en/g56-dual-sim-5g-pantone-dill-green-12gb-ram-256gb-middle-east-version/N70185402V/p/?o=f763cbc75c672dfd,🚨 NOON OFFER
"May 27, 2026 - 11:08 PM",X8D Dual Sim 4G Velvet Grey 8Gb Ram 512Gb Middle East Version,16060.0,15499.0,561.0,https://www.noon.com/egypt-en/x8d-dual-sim-4g-velvet-grey-8gb-ram-512gb-middle-east-version/N70286278V/p/?o=b87959d2f9615f1e,🚨 NOON OFFER
"May 27, 2026 - 11:08 PM",Edge 60 Fusion 5G Dual Sim Pantone Slipstream 12Gb Ram 256Gb Middle East Version,19199.0,16999.0,2200.0,https://www.noon.com/egypt-en/edge-60-fusion-5g-dual-sim-pantone-slipstream-12gb-ram-256gb-middle-east-version/N70164930V/p/?o=b8b3e1d78f05a50a,🚨 NOON OFFER
"May 27, 2026 - 11:08 PM",G56 Dual Sim 5G Pantone Gray Mist 12Gb Ram 256Gb Middle East Version,13999.0,11899.0,2100.0,https://www.noon.com/egypt-en/g56-dual-sim-5g-pantone-gray-mist-12gb-ram-256gb-middle-east-version/N70185405V/p/?o=d98ea3904ed60b6e,🚨 NOON OFFER
"May 27, 2026 - 11:08 PM",Galaxy S25 Ultra Ai Dual Sim Titanium Whitesilver 12Gb Ram 512Gb 5G Middle East Version,74999.0,70999.0,4000.0,https://www.noon.com/egypt-en/galaxy-s25-ultra-ai-dual-sim-titanium-whitesilver-12gb-ram-512gb-5g-middle-east-version/N70140498V/p/?o=f520eb046532639b,🚨 NOON OFFER
"May 27, 2026 - 11:08 PM",Itel 2165 Dual Sim 32Gb Deep Blue 1000 Mah,779.5,725.0,54.5,https://www.noon.com/egypt-en/itel-2165-dual-sim-32gb-deep-blue-1000-mah/N70195909V/p/?o=b77bdf43d5fdf55d,🚨 NOON OFFER
"May 27, 2026 - 11:08 PM",Galaxy S26 Dual Sim Sky Blue 12Gb Ram 256Gb 5G Middle East Version,49333.0,48999.0,334.0,https://www.noon.com/egypt-en/galaxy-s26-dual-sim-sky-blue-12gb-ram-256gb-5g-middle-east-version/N70283838V/p/?o=ea2305ffbc26ca2d,🚨 NOON OFFER
"May 27, 2026 - 11:08 PM",Galaxy S26 Plus Dual Sim Sky Blue 12Gb Ram 256Gb 5G Middle East Version,58999.0,56899.0,2100.0,https://www.noon.com/egypt-en/galaxy-s26-plus-dual-sim-sky-blue-12gb-ram-256gb-5g-middle-east-version/N70283846V/p/?o=a85095564e60fbcd,🚨 NOON OFFER
"May 27, 2026 - 11:08 PM",Galaxy A56 5G Dual Sim Awesome Pink 12Gb Ram 256Gb International Version,26666.0,26499.0,167.0,https://www.noon.com/egypt-en/galaxy-a56-5g-dual-sim-awesome-pink-12gb-ram-256gb-international-version/N70161151V/p/?o=acd94003421f5b6b,🚨 NOON OFFER
"May 27, 2026 - 11:08 PM",600 Lite Dual Sim Velvet Black 8Gb Ram 256Gb 5G With Free Honor Earbuds X7E Active Honor Box Gift,22120.0,21599.0,521.0,https://www.noon.com/egypt-en/600-lite-dual-sim-velvet-black-8gb-ram-256gb-5g-with-free-honor-earbuds-x7e-active-honor-box-gift/N70340021V/p/?o=abceb2e0e1249d1b,🚨 NOON OFFER
"May 27, 2026 - 11:08 PM",600 Lite Dual Sim Sprout Green 8Gb Ram 256Gb 5G With Free Honor Earbuds X7E Active Honor Box Gift,22120.0,21599.0,521.0,https://www.noon.com/egypt-en/600-lite-dual-sim-sprout-green-8gb-ram-256gb-5g-with-free-honor-earbuds-x7e-active-honor-box-gift/N70340020V/p/?o=d18c2535179e90ae,🚨 NOON OFFER
"May 27, 2026 - 11:08 PM",Note Edge Dual Sim Lunar Titanium 8Gb 256Gb 5G Middle East Version,15877.0,15099.0,778.0,https://www.noon.com/egypt-en/note-edge-dual-sim-lunar-titanium-8gb-256gb-5g-middle-east-version/N70278017V/p/?o=d23484711b490a9c,🚨 NOON OFFER
"May 27, 2026 - 11:08 PM",Galaxy S25 Ultra Ai Dual Sim Titanium Grey 12Gb Ram 256Gb 5G Middle East Version,66999.0,64999.0,2000.0,https://www.noon.com/egypt-en/galaxy-s25-ultra-ai-dual-sim-titanium-grey-12gb-ram-256gb-5g-middle-east-version/N70140492V/p/?o=b2d77722fa96548b,🚨 NOON OFFER
"May 27, 2026 - 11:08 PM",G56 Dual Sim 5G Pantone Black Oyster 12Gb Ram 256Gb Middle East Version,13999.0,11499.0,2500.0,https://www.noon.com/egypt-en/g56-dual-sim-5g-pantone-black-oyster-12gb-ram-256gb-middle-east-version/N70185406V/p/?o=f98096d58e2a450b,🚨 NOON OFFER + 📉 Extra Drop
"May 27, 2026 - 11:08 PM",Galaxy A57 Dual Sim Awesome Icyblue 12Gb Ram 512Gb 5G Middle East Version,36480.0,33790.0,2690.0,https://www.noon.com/egypt-en/galaxy-a57-dual-sim-awesome-icyblue-12gb-ram-512gb-5g-middle-east-version/N70320371V/p/?o=ebf2af02bbcc0c6b,🚨 NOON OFFER
"May 27, 2026 - 11:08 PM",Galaxy S25 Ultra Ai Dual Sim Titanium Whitesilver 12Gb Ram 256Gb 5G Middle East Version,66999.0,64999.0,2000.0,https://www.noon.com/egypt-en/galaxy-s25-ultra-ai-dual-sim-titanium-whitesilver-12gb-ram-256gb-5g-middle-east-version/N70140494V/p/?o=cc5d3ae15dd1753e,🚨 NOON OFFER
"May 27, 2026 - 11:08 PM",X9D 5G Dual Sim 12Gb Ram 256Gb Reddish Brown With Free Honor Choice Earbuds X7E,24999.0,24599.0,400.0,https://www.noon.com/egypt-en/x9d-5g-dual-sim-12gb-ram-256gb-reddish-brown-with-free-honor-choice-earbuds-x7e/N70357362V/p/?o=d32422066bbf2dbb,🚨 NOON OFFER
"May 27, 2026 - 11:08 PM",X9D 5G Dual Sim 12Gb Ram 256Gb Sunrise Gold With Free Honor Choice Earbuds X7E,24999.0,24599.0,400.0,https://www.noon.com/egypt-en/x9d-5g-dual-sim-12gb-ram-256gb-sunrise-gold-with-free-honor-choice-earbuds-x7e/N70357363V/p/?o=e8b0802cd55dff7c,🚨 NOON OFFER
"May 27, 2026 - 11:08 PM",Note Edge Dual Sim Shadow Black 8Gb 256Gb 5G Middle East Version,15877.0,15099.0,778.0,https://www.noon.com/egypt-en/note-edge-dual-sim-shadow-black-8gb-256gb-5g-middle-east-version/N70278015V/p/?o=b5d2fec90a131c0a,🚨 NOON OFFER
"May 27, 2026 - 11:08 PM",Galaxy A36 5G Dual Sim Awesome Lime 8Gb Ram 128Gb Middle East Version,17777.0,16499.0,1278.0,https://www.noon.com/egypt-en/galaxy-a36-5g-dual-sim-awesome-lime-8gb-ram-128gb-middle-east-version/N70158915V/p/?o=d77c69bcd1998c9e,🚨 NOON OFFER
"May 27, 2026 - 11:08 PM",X9D 5G Dual Sim 12Gb Ram 256Gb Midnight Black With Free Honor Choice Earbuds X7E,24999.0,24599.0,400.0,https://www.noon.com/egypt-en/x9d-5g-dual-sim-12gb-ram-256gb-midnight-black-with-free-honor-choice-earbuds-x7e/N70357649V/p/?o=ff0a53834d97094e,🚨 NOON OFFER
"May 27, 2026 - 11:08 PM",Note Edge Dual Sim Shadow Black 8Gb 256Gb 5G With Free Infinix Power Bank Xp10 Pro,15970.0,15599.0,371.0,https://www.noon.com/egypt-en/note-edge-dual-sim-shadow-black-8gb-256gb-5g-with-free-infinix-power-bank-xp10-pro/N70357821V/p/?o=ce1eba7664017b3d,🚨 NOON OFFER
"May 27, 2026 - 11:08 PM",X9D 5G Dual Sim 12Gb Ram 256Gb Forest Green With Free Honor Choice Earbuds X7E,24999.0,24599.0,400.0,https://www.noon.com/egypt-en/x9d-5g-dual-sim-12gb-ram-256gb-forest-green-with-free-honor-choice-earbuds-x7e/N70357364V/p/?o=f7f99995f0d3f20e,🚨 NOON OFFER
"May 27, 2026 - 11:08 PM",Itel 2165 Dual Sim 32Gb 1000 Mah Black,770.0,725.0,45.0,https://www.noon.com/egypt-en/itel-2165-dual-sim-32gb-1000-mah-black/N70220933V/p/?o=b71b5288bd29fe2f,🚨 NOON OFFER
"May 27, 2026 - 11:08 PM",Galaxy A56 5G Dual Sim Awesome Olive 8Gb Ram 128Gb Middle East Version,21999.0,20599.0,1400.0,https://www.noon.com/egypt-en/galaxy-a56-5g-dual-sim-awesome-olive-8gb-ram-128gb-middle-east-version/N70158925V/p/?o=f092d597e9ba1b4c,🚨 NOON OFFER
"May 27, 2026 - 11:08 PM",600 Lite Dual Sim Velvet Grey 8Gb Ram 256Gb 5G With Free Honor Earbuds X7E Active Honor Box Gift,22120.0,21599.0,521.0,https://www.noon.com/egypt-en/600-lite-dual-sim-velvet-grey-8gb-ram-256gb-5g-with-free-honor-earbuds-x7e-active-honor-box-gift/N70340022V/p/?o=ed59fc5ffa4366bc,🚨 NOON OFFER
"May 27, 2026 - 11:08 PM",X8D Dual Sim 4G Light Blue 8Gb Ram 512Gb Middle East Version,16090.0,15499.0,591.0,https://www.noon.com/egypt-en/x8d-dual-sim-4g-light-blue-8gb-ram-512gb-middle-east-version/N70286279V/p/?o=d65d29d76a4b924d,🚨 NOON OFFER
"May 27, 2026 - 11:08 PM",105 Dual Sim Blue 4Mb Ram 4Mb 2G,1498.0,950.0,548.0,https://www.noon.com/egypt-en/105-dual-sim-blue-4mb-ram-4mb-2g/N30216125A/p/?o=c646f6dde082d39d,🚨 NOON OFFER
"May 27, 2026 - 11:08 PM",Galaxy A37 Dual Sim Awesome White 8Gb Ram 256Gb 5G Middle East Version,24240.0,23599.0,641.0,https://www.noon.com/egypt-en/galaxy-a37-dual-sim-awesome-white-8gb-ram-256gb-5g-middle-east-version/N70320357V/p/?o=d8ff689d2d1cd72b,🚨 NOON OFFER
"May 27, 2026 - 11:08 PM",Galaxy A37 Dual Sim Awesome Graygreen 8Gb Ram 256Gb 5G Middle East Version,24240.0,23599.0,641.0,https://www.noon.com/egypt-en/galaxy-a37-dual-sim-awesome-graygreen-8gb-ram-256gb-5g-middle-east-version/N70320354V/p/?o=e3918ca04abf060e,🚨 NOON OFFER
"May 27, 2026 - 11:08 PM",Galaxy S25 Ultra Ai Dual Sim Titanium Silverblue 12Gb Ram 512Gb 5G Middle East Version,71999.0,70999.0,1000.0,https://www.noon.com/egypt-en/galaxy-s25-ultra-ai-dual-sim-titanium-silverblue-12gb-ram-512gb-5g-middle-east-version/N70140497V/p/?o=cc601fc02ecbccea,🚨 NOON OFFER
"May 27, 2026 - 11:08 PM",Galaxy A57 Dual Sim Awesome Lilac 12Gb Ram 512Gb 5G Middle East Version,36480.0,33790.0,2690.0,https://www.noon.com/egypt-en/galaxy-a57-dual-sim-awesome-lilac-12gb-ram-512gb-5g-middle-east-version/N70320373V/p/?o=b3b8aee60cc1a8eb,🚨 NOON OFFER
"May 27, 2026 - 11:08 PM",15 Pro 5G Game Of Thrones Dragon Fire Black 12Gb Ram 512Gb With Free Realme Buds T200 Gift Color May Vary,39999.0,37999.0,2000.0,https://www.noon.com/egypt-en/15-pro-5g-game-of-thrones-dragon-fire-black-12gb-ram-512gb-with-free-realme-buds-t200-gift-color-may-vary/N70251514V/p/?o=efa7e7202ec409ec,🚨 NOON OFFER
"May 27, 2026 - 11:08 PM",Galaxy A37 Dual Sim Awesome Lavender 8Gb Ram 256Gb 5G Middle East Version,24240.0,23599.0,641.0,https://www.noon.com/egypt-en/galaxy-a37-dual-sim-awesome-lavender-8gb-ram-256gb-5g-middle-east-version/N70320355V/p/?o=cb7fc064e62292ac,🚨 NOON OFFER
"May 27, 2026 - 11:08 PM",Galaxy S26 Plus Dual Sim White 12Gb Ram 256Gb 5G Middle East Version,58999.0,58499.0,500.0,https://www.noon.com/egypt-en/galaxy-s26-plus-dual-sim-white-12gb-ram-256gb-5g-middle-east-version/N70283849V/p/?o=b811be668a85053c,🚨 NOON OFFER
"May 27, 2026 - 11:08 PM",Galaxy A57 Dual Sim Awesome Gray 12Gb Ram 512Gb 5G Middle East Version,37500.0,34999.0,2501.0,https://www.noon.com/egypt-en/galaxy-a57-dual-sim-awesome-gray-12gb-ram-512gb-5g-middle-east-version/N70320372V/p/?o=d29bff2c8e1f16fd,🚨 NOON OFFER
"May 27, 2026 - 11:08 PM",V70 Fe Dual Sim Titanium Silver 8Gb Ram 256Gb 5G With Free Vivo Buds Air3 Xe W35 White,24498.0,22990.0,1508.0,https://www.noon.com/egypt-en/v70-fe-dual-sim-titanium-silver-8gb-ram-256gb-5g-with-free-vivo-buds-air3-xe-w35-white/Z22342E9045940DB9772BZ/p/?o=dfac4ae4c3bdce4d,🚨 NOON OFFER
"May 27, 2026 - 11:08 PM",V70 Fe Dual Sim Ocean Blue 12Gb Ram 256Gb 5G With Free Vivo Buds Air3 Xe W35 White Bundle,27498.0,25990.0,1508.0,https://www.noon.com/egypt-en/v70-fe-dual-sim-ocean-blue-12gb-ram-256gb-5g-with-free-vivo-buds-air3-xe-w35-white-bundle/Z5A6AA06826B60CFA9AFFZ/p/?o=d016680b3e91a32c,🚨 NOON OFFER
"May 27, 2026 - 11:08 PM",Galaxy A57 Dual Sim Awesome Charcoal 8Gb Ram 256Gb 5G With Free Galaxy Buds,30199.0,27490.0,2709.0,https://www.noon.com/egypt-en/galaxy-a57-dual-sim-awesome-charcoal-8gb-ram-256gb-5g-with-free-galaxy-buds/Z8A82F27E5F026F8BBC95Z/p/?o=d8f975a06796431b,🚨 NOON OFFER
"May 27, 2026 - 11:08 PM",V70 Fe Dual Sim Ocean Blue 8Gb Ram 256Gb 5G With Free Vivo Buds Air3 Xe W35 White,24498.0,22990.0,1508.0,https://www.noon.com/egypt-en/v70-fe-dual-sim-ocean-blue-8gb-ram-256gb-5g-with-free-vivo-buds-air3-xe-w35-white/Z512F3256D130B706D2E8Z/p/?o=c988f2d8ef35d50e,🚨 NOON OFFER
"May 27, 2026 - 11:08 PM",Galaxy A57 Dual Sim Awesome Icyblue 8Gb Ram 256Gb 5G With Free Galaxy Buds,30290.0,27490.0,2800.0,https://www.noon.com/egypt-en/galaxy-a57-dual-sim-awesome-icyblue-8gb-ram-256gb-5g-with-free-galaxy-buds/ZC2F1AEAE4231DBDF9D11Z/p/?o=ad888f14d6fcf5cc,🚨 NOON OFFER
"May 27, 2026 - 11:08 PM",G85 Dual Sim Olive Green 12Gb Ram 256Gb 5G Middle East Version,14444.0,12399.0,2045.0,https://www.noon.com/egypt-en/g85-dual-sim-olive-green-12gb-ram-256gb-5g-middle-east-version/N70092657V/p/?o=d88237e09d1ee3fe,🚨 NOON OFFER
"May 27, 2026 - 11:08 PM",V70 Dual Sim Matte Brown 12Gb Ram 256Gb 5G With Free Vivo Buds Air 3,33498.0,31990.0,1508.0,https://www.noon.com/egypt-en/v70-dual-sim-matte-brown-12gb-ram-256gb-5g-with-free-vivo-buds-air-3/ZE5F50E17023C24592622Z/p/?o=f6738bbd471d7ebe,🚨 NOON OFFER
"May 27, 2026 - 11:08 PM",Galaxy A57 Dual Sim Awesome Icyblue 12Gb Ram 256Gb 5G With Free Galaxy Buds,33290.0,30490.0,2800.0,https://www.noon.com/egypt-en/galaxy-a57-dual-sim-awesome-icyblue-12gb-ram-256gb-5g-with-free-galaxy-buds/ZE4B4E4C3335B5127CE1FZ/p/?o=e0b699406bd11cbd,🚨 NOON OFFER
"May 27, 2026 - 11:08 PM",V70 Fe Dual Sim Titanium Silver 12Gb Ram 256Gb 5G With Free Vivo Buds Air3 Xe W35 White,27498.0,25990.0,1508.0,https://www.noon.com/egypt-en/v70-fe-dual-sim-titanium-silver-12gb-ram-256gb-5g-with-free-vivo-buds-air3-xe-w35-white/ZCA2DE3C148CEA5F5B633Z/p/?o=e65c43267b45ec8d,🚨 NOON OFFER
"May 27, 2026 - 11:08 PM",Galaxy A57 Dual Sim Awesome Navy 12Gb Ram 256Gb 5G With Free Galaxy Buds,33290.0,30490.0,2800.0,https://www.noon.com/egypt-en/galaxy-a57-dual-sim-awesome-navy-12gb-ram-256gb-5g-with-free-galaxy-buds/Z32EFC28F84FF55F4BBF9Z/p/?o=e66e929424be627a,🚨 NOON OFFER
"May 27, 2026 - 11:08 PM",Galaxy A57 Dual Sim Awesome Lilac 12Gb Ram 256Gb 5G With Free Galaxy Buds,33290.0,30490.0,2800.0,https://www.noon.com/egypt-en/galaxy-a57-dual-sim-awesome-lilac-12gb-ram-256gb-5g-with-free-galaxy-buds/ZFE6CD8AAC8EE6C5BF008Z/p/?o=b708ee99a3fde43b,🚨 NOON OFFER
"May 27, 2026 - 11:08 PM",Galaxy A57 Dual Sim Awesome Navy 8Gb Ram 256Gb 5G With Free Galaxy Buds,30290.0,27490.0,2800.0,https://www.noon.com/egypt-en/galaxy-a57-dual-sim-awesome-navy-8gb-ram-256gb-5g-with-free-galaxy-buds/Z7401C35072D7AED91AAAZ/p/?o=fee7b0e20fc4151e,🚨 NOON OFFER
"May 27, 2026 - 11:08 PM",Galaxy A57 Dual Sim Awesome Icyblue 12Gb Ram 512Gb 5G With Free Galaxy Buds Core,39280.0,36480.0,2800.0,https://www.noon.com/egypt-en/galaxy-a57-dual-sim-awesome-icyblue-12gb-ram-512gb-5g-with-free-galaxy-buds-core/Z51C92E80063D0CBC7343Z/p/?o=e148c9af7499f66d,🚨 NOON OFFER
"May 27, 2026 - 11:08 PM",Galaxy A57 Dual Sim Awesome Navy 12Gb Ram 512Gb 5G With Free Galaxy Buds,39280.0,36480.0,2800.0,https://www.noon.com/egypt-en/galaxy-a57-dual-sim-awesome-navy-12gb-ram-512gb-5g-with-free-galaxy-buds/ZB162840A20A3FF8F7172Z/p/?o=c3a89c461da3e69a,🚨 NOON OFFER
"May 27, 2026 - 11:08 PM",Galaxy A57 Dual Sim Awesome Lilac 12Gb Ram 512Gb 5G With Free Galaxy Buds,39280.0,36480.0,2800.0,https://www.noon.com/egypt-en/galaxy-a57-dual-sim-awesome-lilac-12gb-ram-512gb-5g-with-free-galaxy-buds/ZCEC25B3CF4501ED88E9BZ/p/?o=fbacfeacbf4331fa,🚨 NOON OFFER
"May 27, 2026 - 11:08 PM",Galaxy A57 Dual Sim Awesome Charcoal 12Gb Ram 512Gb 5G With Free Galaxy Buds,40300.0,36480.0,3820.0,https://www.noon.com/egypt-en/galaxy-a57-dual-sim-awesome-charcoal-12gb-ram-512gb-5g-with-free-galaxy-buds/ZAF0075845EBC83775188Z/p/?o=e0845bd41b5bdbbd,🚨 NOON OFFER
"May 27, 2026 - 11:08 PM",600 Pro 5G Dual Sim 12Gb Ram 512Gb Golden White With Free Honor Band 10 Back Cover Color Of Gifts May Vary,53599.0,53499.0,100.0,https://www.noon.com/egypt-en/600-pro-5g-dual-sim-12gb-ram-512gb-golden-white-with-free-honor-band-10-back-cover-color-of-gifts-may-vary/N70368744V/p/?o=e14c0df8e1e5ab9c,🚨 NOON OFFER
"May 27, 2026 - 11:08 PM",Camon 40 Dual Sim Emerald Glow Green 8Gb Ram 256Gb 4G Middle East Version,11795.0,11190.0,605.0,https://www.noon.com/egypt-en/camon-40-dual-sim-emerald-glow-green-8gb-ram-256gb-4g-middle-east-version/N70169682V/p/?o=e39561572c3c7d7f,🚨 NOON OFFER
"May 27, 2026 - 11:08 PM",Galaxy S26 Dual Sim White 12Gb Ram 256Gb 5G With Free Galaxy Buds3 Fe,54198.0,49500.0,4698.0,https://www.noon.com/egypt-en/galaxy-s26-dual-sim-white-12gb-ram-256gb-5g-with-free-galaxy-buds3-fe/ZFC19B6C6798F9983AB57Z/p/?o=a6653f6db5aa16bf,🚨 NOON OFFER
"May 27, 2026 - 11:08 PM",Galaxy S26 Dual Sim Cobalt Violet 12Gb Ram 256Gb 5G With Free Galaxy Buds3 Fe,54198.0,49500.0,4698.0,https://www.noon.com/egypt-en/galaxy-s26-dual-sim-cobalt-violet-12gb-ram-256gb-5g-with-free-galaxy-buds3-fe/ZE2F86B834FD435DEB35FZ/p/?o=b9d68e5ca5c29dcd,🚨 NOON OFFER
"May 27, 2026 - 11:08 PM",Camon 40 Dual Sim Galaxy Black 8Gb Ram 256Gb 4G Middle East Version,11950.0,11090.0,860.0,https://www.noon.com/egypt-en/camon-40-dual-sim-galaxy-black-8gb-ram-256gb-4g-middle-east-version/N70169680V/p/?o=b6df2862ad76c3ed,🚨 NOON OFFER
"May 27, 2026 - 11:08 PM",Spark Slim Dual Sim 8Gb Ram 256Gb Slim White 4G Middle East Version,11999.0,11949.0,50.0,https://www.noon.com/egypt-en/spark-slim-dual-sim-8gb-ram-256gb-slim-white-4g-middle-east-version/N70284909V/p/?o=e629156b21d7962d,🚨 NOON OFFER
"May 27, 2026 - 11:08 PM",Spark Slim Dual Sim 8Gb Ram 256Gb Cool Black 4G Middle East Version,11999.0,11949.0,50.0,https://www.noon.com/egypt-en/spark-slim-dual-sim-8gb-ram-256gb-cool-black-4g-middle-east-version/N70284908V/p/?o=d1c8c7a902efa53c,🚨 NOON OFFER
"May 27, 2026 - 11:08 PM",Galaxy S25 Fe Dual Sim Icyblue 8Gb 512Gb 5G Middle East Version,45499.0,44820.0,679.0,https://www.noon.com/egypt-en/galaxy-s25-fe-dual-sim-icyblue-8gb-512gb-5g-middle-east-version/N70208799V/p/?o=d2b2c09ff295a99a,🚨 NOON OFFER
"May 27, 2026 - 11:08 PM",Galaxy S26 Dual Sim Sky Blue 12Gb Ram 256Gb 5G With Free Galaxy Buds3 Fe,54032.0,49500.0,4532.0,https://www.noon.com/egypt-en/galaxy-s26-dual-sim-sky-blue-12gb-ram-256gb-5g-with-free-galaxy-buds3-fe/Z618472BF4599738D3DCCZ/p/?o=ab7d36f0128b294f,🚨 NOON OFFER
